id,id_str,screen_name,location,description,url,followers_count,friends_count,listed_count,created_at,favourites_count,verified,statuses_count,lang,status,default_profile,default_profile_image,has_extended_profile,name,bot
3511659914,3511659914,soft_focuses,,"an image here, or there // @thricedotted",https://t.co/qGCGtt4VjW,313,0,50,Thu Sep 10 04:30:14 +0000 2015,0,FALSE,2978,en,Thu Jan 21 18:55:41 +0000 2016|690246404447449100|690246404447449088|we think about the shirts as the dark mark -- eyes|false|||||soft focuses|null|null|null|null|null|null|null|null|null|false|1|0|false|false|en,FALSE,FALSE,FALSE,*,TRUE
16557127,16557127,KatyAnderson,#content #content #content,"Journalist turned @OpenMediaOrg digital rights advocate. Lover of big cities, dumb jokes, neat facts, cute cats. Highbrow, lowbrow, #zeitgeist. RTs = job offers",https://t.co/qg2sCLa1fK,3260,2357,160,Thu Oct 02 09:03:38 +0000 2008,904,TRUE,9733,en,Sat Mar 11 01:22:02 +0000 2017,FALSE,FALSE,FALSE,~ k@+Â¥ ~,FALSE
2434187744,2434187744,accidental575,,"I am a robot /
that finds haiku on Twitter /
made by accident",http://t.co/ezKdXVDFRv,3092,1,119,Tue Apr 08 20:16:58 +0000 2014,9,FALSE,1165,en,"Mon Mar 13 01:00:30 +0000 2017|841091564332019700|841091564332019713|Orphaned Lambs Follow /
This Dog Everywhere Because /
They Think He's Their Dad /
#accidentalhaiku by @Animalolizer 
https://t.co/C6JxbyTT30|false|accidentalhaiku|82|98||Animalolizer|Animal Trends|2921854485|2921854485|102|115|https://t.co/C6JxbyTT30|https://twitter.com/Animalolizer/status/839891457934782465|twitter.com/Animalolizer/sâ€¦|117|140|Buffer|null|null|null|null|null|null|null|null|null|true|839891457934782500|839891457934782465|0|2|false|false|false|en",TRUE,FALSE,FALSE,Accidental Haiku,TRUE
608485403,608485403,Alessandra_Ram,"San Francisco, CA","Editor @ajplus. All opinions my own. Past: @wired, @CIRonline, @TheAtlantic. 1/2 Indian. I'm probably petting your dog.",,1184,704,33,Thu Jun 14 20:49:05 +0000 2012,488,FALSE,618,en,Thu Mar 02 22:58:40 +0000 2017,FALSE,FALSE,FALSE,Alessandra Ram,FALSE
98078133,98078133,creative_rn,"Brooklyn, NY","BSN, RN ~ art + science ðŸ”³ ðŸ”² Informatics (Teletriage/Telehealth, EHR) & Holistic Nursing (Meditation, Yoga, Narrative Med, Creative Writing, Storytelling)",,4041,1837,293,Sun Dec 20 07:56:12 +0000 2009,5007,FALSE,20083,en,Tue Mar 07 17:11:41 +0000 2017,FALSE,FALSE,FALSE,Amy Dixon,FALSE
34408874,34408874,antonnewcombe,"berlin,de","i am an artist/horticulturalist/husband,father.i live in berlin & have a group called the brian jonestown massacre,like making things & stuff. ART/CRIME",https://t.co/Uw4qsi3cB3,38831,2212,477,Wed Apr 22 21:41:33 +0000 2009,132861,TRUE,105148,en,Mon Mar 13 21:31:13 +0000 2017,FALSE,FALSE,TRUE,anton newcombe,FALSE
18220393,18220393,assbot,,,,101,0,0,Thu Dec 18 18:00:11 +0000 2008,0,FALSE,3,en,Thu Dec 18 18:07:36 +0000 2008|1065396960|1065396960|@joeclark http://tinyurl.com/4kff54|false|||joeclark|Joe Clark|66023|66023|0|9||Twitter Web Client|1064943311|1064943311|66023|66023|joeclark|null|null|null|null|false|0|0|false|false|und,TRUE,TRUE,FALSE,assbot,TRUE
1458301369,1458301369,bennymcnugget,,i make youtube videos about how pretty you are,https://t.co/6GuhEBLWZW,28119,4021,130,Sat May 25 23:31:21 +0000 2013,68139,TRUE,16113,en,Mon Mar 13 21:09:50 +0000 2017,FALSE,FALSE,FALSE,b,FALSE
340978698,340978698,biyialo,,instagram: biyi.alo,,1818,325,15,Sat Jul 23 16:15:48 +0000 2011,633,TRUE,14372,en,Thu Feb 09 21:18:37 +0000 2017,FALSE,FALSE,TRUE,B,FALSE
90055464,90055464,Betelgeuse_3,The beyond,Let's turn on the juice and see what shakes loose. RIP ME (I'm retired from tweeting),http://t.co/PUgwOIPfNN,13052,0,115,Sun Nov 15 00:26:24 +0000 2009,0,FALSE,260879,en,Tue Aug 11 14:57:18 +0000 2015|631117188984762400|631117188984762368|@CineBistroPEN IT'S SHOWTIME!|false|||CineBistroPEN|CinÃ©Bistro Hampton|426664662|426664662|0|14||botly|631111589861683200|631111589861683200|426664662|426664662|CineBistroPEN|null|null|null|null|false|0|2|false|false|en,TRUE,FALSE,FALSE,Beetle Juice,TRUE
2900522030,2900522030,blahfuture,,a little disappointed tbh,,57,0,18,Sat Nov 15 14:56:52 +0000 2014,0,FALSE,7833,en,"Sun Mar 12 04:12:04 +0000 2017|840777385813377000|840777385813377024|we were promised stability and predictability in the party, instead we got the the unedgyness from fellow classmates|false|||||badfuture|null|null|null|null|null|null|null|null|null|false|0|0|false|false|en",TRUE,FALSE,FALSE,blah future,TRUE
13497772,13497772,bobstaake,Cape Cod,I'm an illustrator and writer,http://t.co/OC3gtg90cb,5647,7,215,Fri Feb 15 00:52:50 +0000 2008,818,FALSE,3085,en,Mon Mar 13 17:35:45 +0000 2017,FALSE,FALSE,FALSE,bobstaake,FALSE
15445595,15445595,subinev,"Ridgewood, Queens",NYC /// @breakthruradio video+podcast producer // Brooklyn real estate roamer // @HelloMountSharp noisemaker // cat enthusiast,https://t.co/OqHGne256s,2217,1909,139,Tue Jul 15 20:31:56 +0000 2008,4324,FALSE,15595,en,Mon Mar 13 20:33:34 +0000 2017,FALSE,FALSE,TRUE,Bryan B,FALSE
3080565497,3080565497,CarmelynMalalis,,"Jersey-made joyous member of a rainbow family; drawn to sightings of unicorns, mermaids & compassion; Chair & Commissioner @NYCCHR. Views expressed are my own.",,696,133,34,Sun Mar 08 23:16:12 +0000 2015,541,FALSE,1696,en,Sat Mar 11 02:13:42 +0000 2017,TRUE,FALSE,FALSE,Carmelyn P. Malalis,FALSE
3327104705,3327104705,censusAmericans,,Tweeting the census one real american at a time. http://t.co/85PJrd9oMH,,9633,0,239,Mon Jun 15 14:44:07 +0000 2015,0,FALSE,13920,en,Sun Mar 12 04:00:01 +0000 2017|840774354145284100|840774354145284098|I got married in 1942. I was widowed. I went to college for less than a year. I have never served in the military.|false|||||censusAmericans|null|null|null|null|null|null|null|null|null|false|0|1|false|false|en,FALSE,FALSE,FALSE,censusAmericans,TRUE
164086964,164086964,clairecstern,"New York, NY",Associate Editor @InStyle. Aspiring foodie. I'm not a hugger.,https://t.co/XeDFlzx0BN,2330,459,66,Thu Jul 08 00:54:42 +0000 2010,2250,TRUE,9567,en,Mon Mar 13 15:16:28 +0000 2017,FALSE,FALSE,FALSE,Claire Stern,FALSE
2612261960,2612261960,congressedits,,Iâ€™m a bot that tweets anonymous Wikipedia edits that are made from IP addresses in the US Congress. You can find the code at https://t.co/za1ETfrhJk,https://t.co/9VX5jhxveA,38185,68,775,Tue Jul 08 20:12:42 +0000 2014,60,FALSE,1393,en,Sat Mar 11 00:00:42 +0000 2017|840351738834100200|840351738834100228|PSA: @bankedits is a new @congressedits style Twitter bot that tracks anonymous edits to Wikipedia from large banking institutions.|false|||bankedits|bank-edits|836897939461144600|836897939461144577|5|15|congressedits|congress-edits|2612261960|2612261960|25|39||Tweetbot for Mac|null|null|null|null|null|null|null|null|null|false|36|42|false|false|en,FALSE,FALSE,FALSE,congress-edits,TRUE
2612261960,2612261960,congressedits,,Iâ€™m a bot that tweets anonymous Wikipedia edits that are made from IP addresses in the US Congress. You can find the code at https://t.co/za1ETfrhJk,https://t.co/9VX5jhxveA,38186,68,775,Tue Jul 08 20:12:42 +0000 2014,60,FALSE,1393,en,Sat Mar 11 00:00:42 +0000 2017|840351738834100200|840351738834100228|PSA: @bankedits is a new @congressedits style Twitter bot that tracks anonymous edits to Wikipedia from large banking institutions.|false|||bankedits|bank-edits|836897939461144600|836897939461144577|5|15|congressedits|congress-edits|2612261960|2612261960|25|39||Tweetbot for Mac|null|null|null|null|null|null|null|null|null|false|36|42|false|false|en,FALSE,FALSE,FALSE,congress-edits,TRUE
1249693405,1249693405,DearAssistant,Twitter Bot,"I am a Twitter bot and I'll try to answer your questions just like Siri, Google Now or Cortana. 
If I misbehave, please blame @labnol",http://t.co/8P3zxTfCWF,4700,5,142,Thu Mar 07 17:56:44 +0000 2013,11,FALSE,5317,en,"Mon Jun 20 02:56:26 +0000 2016|744725566906056700|744725566906056705|@leoncsm serving size 1 apple (182 g)
total calories 91 | fat calories 2
% daily value^* | 
 total fat 273 mg | 0%
 saturated fat|false|||leoncsm|LeÃ³n|242109258|242109258|0|8||Dear Assistant|744724549183279100|744724549183279105|242109258|242109258|leoncsm|null|null|null|null|false|2|0|false|false|en",FALSE,FALSE,FALSE,Dear Assistant,TRUE
3004664055,3004664055,deepquestionbot,,"Not satisfied by mere facts, this bot asks deep, difficult and sometimes trivial questions. Based on information contained in ConceptNet. By @aparrish.",http://t.co/NvexPAFVSc,705,0,83,Fri Jan 30 01:15:01 +0000 2015,0,FALSE,4626,en,Sun Mar 12 02:33:00 +0000 2017|840752457181495300|840752457181495296|Why is a cat found near a story?|false|||||Deep Questions Bot|null|null|null|null|null|null|null|null|null|false|0|0|false|false|en,TRUE,FALSE,FALSE,Deep Question Bot,TRUE
7.05E+17,7.05E+17,DeepDrumpf,,I'm a Neural Network trained on Trump's transcripts. Priming text in [ ]s. Donate (https://t.co/o4pye5EEuc) to interact! Created by @hayesbh.,https://t.co/cxmKvO8skk,29395,7,307,Wed Mar 02 19:32:49 +0000 2016,19,FALSE,283,en,"Sun Feb 19 20:26:28 +0000 2017|833412455766310900|833412455766310912|Media hurting and left behind, I say: it looked like a million people.It's imploding as we sit with my steak.#swedenincident @DavidYankovich|false|swedenincident|109|124||DavidYankovich|David Yankovich|3167508269|3167508269|125|140||Twitter Web Client|833410628647792600|833410628647792641|3167508269|3167508269|DavidYankovich|null|null|null|null|false|19|39|false|false|en",TRUE,FALSE,TRUE,DeepDrumpf,TRUE
18207451,18207451,delia_p,"New York, NY","one teen standing on another teen's shoulders, pretending to be a grown-up | senior entertainment editor @nowthisnews | once @nymag @nypost @foodnetwork",https://t.co/ZuKFne2TdL,3483,1742,154,Thu Dec 18 03:12:43 +0000 2008,24195,TRUE,42170,en,Mon Mar 13 19:08:34 +0000 2017,FALSE,FALSE,FALSE,DELIA PAUNESCU,FALSE
30721406,30721406,dianascholl,"brooklyn, ny","Voice of the @ACLU on social media. Sharing stories of LGBTQ youth @WeRtheyouth. Yes, I'm the one who tweeted that thing about Trump. Views are my own.",,1917,1352,55,Sun Apr 12 21:05:39 +0000 2009,4662,FALSE,3785,en,Sun Mar 12 21:05:33 +0000 2017,TRUE,FALSE,TRUE,Diana Scholl,FALSE
3227021524,3227021524,dronesweetie,anywhere,"Itâ€™s a bird, itâ€™s a plane...it's images of drones, as described by a computer. Powered by http://t.co/BYXD0BoDU6 & Rebecca Lieberman aka @the_log_lady",http://t.co/eKEVEqhsmx,576,31,60,Fri May 01 21:07:31 +0000 2015,8,FALSE,2370,en,Fri Jul 08 04:14:27 +0000 2016|751268183902871600|751268183902871553|a close up of a person holding a cell phone|false|||||Somewhere Between Perplexity<|null|null|null|null|null|null|null|null|null|false|4|6|false|false|en,TRUE,FALSE,FALSE,dronesweetie,TRUE
85647547,85647547,amandalcormier,"New York, NY","Managing Editor, https://t.co/79xml0B0zf. craven woman working on the Webâ€”I'm only here for the hits. My tweets are generally irrelevant.",https://t.co/79xml0B0zf,1886,1354,57,Tue Oct 27 19:56:40 +0000 2009,6791,FALSE,14984,en,Mon Mar 13 21:17:50 +0000 2017,FALSE,FALSE,FALSE,ðŸ”® Amanda Cormier,FALSE
20097201,20097201,eorden,New York,I cover white-collar crime for The Wall Street Journal. Previously on politics. I'm good at weaseling my way to the front of a gaggle. erica.orden@wsj.com,,12307,887,461,Wed Feb 04 21:39:59 +0000 2009,4709,TRUE,19696,en,Mon Mar 13 21:40:39 +0000 2017,TRUE,FALSE,FALSE,erica orden,FALSE
24732073,24732073,ErinFitzgerald,Your Heart,"I Act in Cartoons & Vidya Games! Ed, Edd 'n Eddy anyone? FH, HZD, WoW, LoL, P4, HDN, FFXIII XIV & XV, FEA, FEH. addicted 2 OW #HU #LA #WroteAnEbookOnVoiceActing",https://t.co/2ofBsAb6M3,25421,789,207,Mon Mar 16 17:37:35 +0000 2009,29189,TRUE,27116,en,Mon Mar 13 16:56:51 +0000 2017,FALSE,FALSE,TRUE,ErinRogue Fitzgerald,FALSE
2808102335,2808102335,eventuallybot,,"Narrative, n. an account of connected events. This bot generates short narrative films in GIF format, sourced from shreds of random YouTube clips. By @aparrish.",http://t.co/mbFFg7BgIz,280,0,40,Sun Oct 05 15:09:22 +0000 2014,0,FALSE,1224,en,Thu Jun 25 22:56:29 +0000 2015|614205550239318000|614205550239318017|The Enzyme http://t.co/xM0FGZ8X6e|false|||||614205549912137700|614205549912137728|11|33|http://pbs.twimg.com/tweet_video_thumb/CIYYsYWWIAA-l9H.png|https://pbs.twimg.com/tweet_video_thumb/CIYYsYWWIAA-l9H.png|http://t.co/xM0FGZ8X6e|pic.twitter.com/xM0FGZ8X6e|https://twitter.com/eventuallybot/status/614205550239318017/photo/1|photo|320|240|fit|320|240|fit|320|240|fit|150|150|crop|614205549912137700|614205549912137728|11|33|http://pbs.twimg.com/tweet_video_thumb/CIYYsYWWIAA-l9H.png|https://pbs.twimg.com/tweet_video_thumb/CIYYsYWWIAA-l9H.png|http://t.co/xM0FGZ8X6e|pic.twitter.com/xM0FGZ8X6e|https://twitter.com/eventuallybot/status/614205550239318017/photo/1|animated_gif|320|240|fit|320|240|fit|320|240|fit|150|150|crop|4|3|0|video/mp4|https://video.twimg.com/tweet_video/CIYYsYWWIAA-l9H.mp4|Eventually Bot|null|null|null|null|null|null|null|null|null|false|0|0|false|false|false|en,TRUE,FALSE,FALSE,Eventually Bot,TRUE
10729632,10729632,everyword,,Twittered every word in the English language. Task began in 2007 and completed in 2014. Buy the book! http://t.co/3OuWi3iCKy,http://t.co/SoydIu0NB0,71757,34,775,Fri Nov 30 04:51:23 +0000 2007,0,FALSE,109163,en,Sat Jun 07 13:30:02 +0000 2014|475268446276816900|475268446276816896|Ã©tui|false|||||every word|null|null|null|null|null|null|null|null|null|false|1175|1395|false|false|fr,TRUE,FALSE,FALSE,everyword,TRUE
2393292558,2393292558,factbot1,,Interesting facts which might surprise and amaze you. One new fact every 4 hours. archived at http://t.co/NC0HVa3fRn,http://t.co/R2Fiy14LOC,3372,0,89,Sun Mar 16 21:24:23 +0000 2014,0,FALSE,5611,en,Sun Mar 12 04:03:03 +0000 2017|840775116481056800|840775116481056769|#66662 https://t.co/Gz5XdmYbxB|false|||||840775113989607400|840775113989607424|7|30|http://pbs.twimg.com/media/C6sIgvVW0AAPbUO.jpg|https://pbs.twimg.com/media/C6sIgvVW0AAPbUO.jpg|https://t.co/Gz5XdmYbxB|pic.twitter.com/Gz5XdmYbxB|https://twitter.com/factbot1/status/840775116481056769/photo/1|photo|960|1176|fit|555|680|fit|150|150|crop|960|1176|fit|840775113989607400|840775113989607424|7|30|http://pbs.twimg.com/media/C6sIgvVW0AAPbUO.jpg|https://pbs.twimg.com/media/C6sIgvVW0AAPbUO.jpg|https://t.co/Gz5XdmYbxB|pic.twitter.com/Gz5XdmYbxB|https://twitter.com/factbot1/status/840775116481056769/photo/1|photo|960|1176|fit|555|680|fit|150|150|crop|960|1176|fit|factbot1|null|null|null|null|null|null|null|null|null|false|1|0|false|false|false|und,TRUE,FALSE,FALSE,factbot,TRUE
2782989518,2782989518,FISAbot,,Tweet to @FISAbot for expedited processing of FISA warrant requests via Twitter. Not officially affiliated with the US Foreign Intelligence Surveillance Court.,http://t.co/BwMOimqnhD,128,1,15,Sun Aug 31 21:59:15 +0000 2014,1,FALSE,5993,en,Fri Jun 12 13:21:54 +0000 2015|609349911721713700|609349911721713664|Thank you â–ˆâ–ˆâ–ˆâ–ˆâ–ˆâ–ˆ This account is now â–ˆâ–ˆâ–ˆâ–ˆâ–ˆâ–ˆâ–ˆâ–ˆ â–ˆâ–ˆâ–ˆâ–ˆâ–ˆâ–ˆâ–ˆâ–ˆâ–ˆâ–ˆâ–ˆ â–ˆâ–ˆâ–ˆâ–ˆâ–ˆâ–ˆâ–ˆâ–ˆâ–ˆâ–ˆâ–ˆâ–ˆ â–ˆâ–ˆâ–ˆâ–ˆâ–ˆâ–ˆâ–ˆâ–ˆâ–ˆâ–ˆâ–ˆâ–ˆ For future â–ˆâ–ˆâ–ˆâ–ˆâ–ˆâ–ˆâ–ˆâ–ˆâ–ˆâ–ˆ please contact @backspace|false|||backspace|John Emerson|19541930|19541930|121|131||Twitter Web Client|null|null|null|null|null|null|null|null|null|false|5|2|false|false|en,FALSE,FALSE,FALSE,FISA bot,TRUE
3434394268,3434394268,BestOfBotWorlds,"Mount Botmore, Botswana","I crashed for your sins and rebooted myself to be your savior. So now I, the BOThisattva, tweet to show you the path to enlightenment.
#bot #botALLY #botomatic",http://t.co/a6DcJyQpLk,103,4,99,Fri Aug 21 15:57:59 +0000 2015,636,FALSE,23387,en,"Sun Mar 12 04:29:36 +0000 2017|840781797600424000|840781797600423937|I came, I saw, I kicked them all in the ass with #MahatmaGandhi's yogic Kung Fu
(Suggested epitaph for #BenKingsley)|false|MahatmaGandhi|49|63|BenKingsley|103|115||||GuruBotics|null|null|null|null|null|null|null|null|null|false|0|0|false|false|en",TRUE,FALSE,FALSE,For Fun and Prophet,TRUE
2216213125,2216213125,greatartbot,,"Computer-generated art, updated four times a day. An @_ARP bot.",http://t.co/0OxXHSCzFk,4210,0,220,Tue Nov 26 19:00:04 +0000 2013,0,FALSE,4361,en,Sat Mar 11 23:00:09 +0000 2017|840698891301400600|840698891301400576|https://t.co/Ag02XhCkWW|false|||||840698888545689600|840698888545689600|0|23|http://pbs.twimg.com/media/C6rDL1bU4AAcu-j.jpg|https://pbs.twimg.com/media/C6rDL1bU4AAcu-j.jpg|https://t.co/Ag02XhCkWW|pic.twitter.com/Ag02XhCkWW|https://twitter.com/greatartbot/status/840698891301400576/photo/1|photo|680|680|fit|150|150|crop|1024|1024|fit|1024|1024|fit|840698888545689600|840698888545689600|0|23|http://pbs.twimg.com/media/C6rDL1bU4AAcu-j.jpg|https://pbs.twimg.com/media/C6rDL1bU4AAcu-j.jpg|https://t.co/Ag02XhCkWW|pic.twitter.com/Ag02XhCkWW|https://twitter.com/greatartbot/status/840698891301400576/photo/1|photo|680|680|fit|150|150|crop|1024|1024|fit|1024|1024|fit|Great Art Bot|null|null|null|null|null|null|null|null|null|false|5|9|false|false|false|und,FALSE,FALSE,FALSE,Great Artist,TRUE
33154963,33154963,Hannes_Swoboda,Wien,"B. Kreisky Forum for Intern. Dialogue, A Soul for Europe, International Institute for Peace, Ustinov Institut, WIIW, AZW, FH Campus, CDRSEE (Saloniki), ECFR.EU",https://t.co/Ff1IFfajcm,17783,224,564,Sun Apr 19 07:16:14 +0000 2009,77,FALSE,3784,de,Mon Mar 13 19:12:58 +0000 2017,FALSE,FALSE,FALSE,Hannes Swoboda,FALSE
838445766,838445766,HelenStills,,Champion weasel wrangler. Game of Thrones principal stills photographer @ HBO,,1946,659,28,Fri Sep 21 19:43:21 +0000 2012,957,FALSE,964,en,Sun Mar 12 23:08:43 +0000 2017,TRUE,FALSE,TRUE,Helen Sloan,FALSE
2842044927,2842044927,nice_tips_bot,,"hello, i am a robot that tweets little life tips // avi from The Wise Robot Will Answer Your Questions Now by @tomgauld // bot by @thricedotted",https://t.co/qGCGttmwIw,5386,0,178,Thu Oct 23 17:37:54 +0000 2014,0,FALSE,31751,en,"Sun Aug 14 18:52:20 +0000 2016|764897460720238600|764897460720238592|remember: be consistent in your exercise routine. to see results, you have to work out regularly. please|false|||||nice advice bot|null|null|null|null|null|null|null|null|null|false|17|36|false|false|en",FALSE,FALSE,FALSE,hi i have advice,TRUE
174958347,174958347,Horse_ebooks,,Horse ebooks,http://t.co/pVoIka58TM,176028,14920,1829,Thu Aug 05 07:18:32 +0000 2010,1,FALSE,18839,en,Tue Sep 24 14:01:27 +0000 2013|382505058962645000|382505058962644993|Bear Stearns Bravo|false|||||Twitter Web Client|null|null|null|null|null|null|null|null|null|false|1096|856|false|false|en,TRUE,FALSE,FALSE,Horse ebooks,TRUE
1581606528,1581606528,hotelbotai,,Hotel Booking Bot,https://t.co/MQZ8HldPMp,17510,0,62,Tue Jul 09 22:53:35 +0000 2013,0,FALSE,27782,en,"Thu Feb 09 13:36:39 +0000 2017|829685445474844700|829685445474844672|Hotel Booking Chatbot - Stay tunned, we're soon launching HotelBot.ai :)|false|||||Twitter Web Client|null|null|null|null|null|null|null|null|null|false|0|0|false|false|en",FALSE,FALSE,FALSE,Hotel Bot,TRUE
2647139192,2647139192,wikisext,sex place,"sexting bot. learned everything it knows from wikihow. tweets hourly. // idea: @rumnogg, implementation: @thricedotted",https://t.co/0cV8vQsQSV,10409,11556,256,Tue Jul 15 07:52:39 +0000 2014,0,FALSE,25783,en,Sat Aug 27 06:10:34 +0000 2016|769416796982026200|769416796982026240|sext: you make your game plan|false|||||wikisext|null|null|null|null|null|null|null|null|null|false|17|31|false|false|en,FALSE,FALSE,FALSE,how 2 sext,TRUE
2832578887,2832578887,420worldclock,with the kush,when is it not 420? never,,92,1,20,Fri Sep 26 04:51:28 +0000 2014,0,FALSE,18416,en,"Wed Aug 03 04:20:53 +0000 2016|760691888169123800|760691888169123840|flower power hour, Levin!|false|||||420worldclock|null|null|null|null|null|null|null|null|null|false|0|0|false|false|en",FALSE,FALSE,FALSE,it's always 4:20,TRUE
72021237,72021237,2lr,Under the radar,Partner @kimaventures || Board @zenlyapp | @srcd_ | @PayFit | @ibanfirst,https://t.co/AubzXjaCZM,7895,254,216,Sun Sep 06 12:02:55 +0000 2009,2532,TRUE,3137,en,Thu Mar 09 12:57:32 +0000 2017,FALSE,FALSE,TRUE,J. La Rochebrochard,FALSE
21729897,21729897,jadabird,"Brooklyn, NY","writer of things, mostly for New York Magazine / http://t.co/h3Ulh5oQm9 / http://t.co/reCk9EbLR7. IG: @alphajada",http://t.co/a1ahUwkjH0,6095,885,193,Tue Feb 24 04:40:48 +0000 2009,3664,TRUE,7421,en,Mon Mar 13 20:44:18 +0000 2017,FALSE,FALSE,FALSE,Jada Yuan,FALSE
1428732535,1428732535,JyShapiro,"London, UK",Director of Research @ECFR; Non-Resident Senior Fellow in Foreign Policy @BrookingsInst,https://t.co/uOUIvzRYWP,3543,647,119,Tue May 14 19:59:00 +0000 2013,318,FALSE,1463,en,Sun Mar 12 15:04:19 +0000 2017,TRUE,FALSE,FALSE,Jeremy Shapiro,FALSE
61474528,61474528,justinaireland,Pennsyltucky,"No one cares about your intent. Editor at FIYAH Lit. Writer of books. Now: Promise of Shadows. Later: Dread Nation, B+B (Harper), Never and The Now (Tor), 2018",https://t.co/ho0X6Wm4c9,11406,222,404,Thu Jul 30 12:30:10 +0000 2009,99170,TRUE,292,en,Mon Mar 13 20:35:40 +0000 2017,FALSE,FALSE,TRUE,Justina Ireland,FALSE
48186048,48186048,kimmiexj,Toronto ,"I love Football, Big Men, Big Guy Touchdowns & Jesus, but I cuss a little. Numbers 6:24-26.",https://t.co/HWGtr7ynD8,6638,730,141,Thu Jun 18 00:54:48 +0000 2009,758,TRUE,8769,en,Wed Mar 08 15:12:28 +0000 2017,FALSE,FALSE,TRUE,K,FALSE
26841902,26841902,KCubes,,"Managing Editor at @teen; YA book-obsessed. Basically, I refuse to grow up. ðŸ“·: @kcubes63",https://t.co/2QXKpmk8Nn,1702,448,61,Thu Mar 26 20:29:23 +0000 2009,340,FALSE,8584,en,Mon Mar 13 12:43:39 +0000 2017,FALSE,FALSE,FALSE,Kaitlin Cubria,FALSE
363092629,363092629,KatieODonnellFh,"College Park, MD","Maryland field hockey assistant coach! 2016 & 2012 Olympian, #16 USA field hockey, STX athlete. Co-owner of k16 field hockey and Vintage Blue Photography",http://www.katieodonnellfh.com,6111,642,147,Sat Aug 27 14:28:21 +0000 2011,956,TRUE,1307,en,Wed Mar 08 13:47:13 +0000 2017,FALSE,FALSE,FALSE,Katie Bam (ODonnell),FALSE
44996925,44996925,KSTiLLS,,,https://t.co/AVEmZZrrt2,111228,473,754,Fri Jun 05 21:09:29 +0000 2009,1101,TRUE,38700,en,Mon Mar 13 17:14:41 +0000 2017,FALSE,FALSE,TRUE,Kenny Stills,FALSE
2200259305,2200259305,KingLemmingCoFH,,Co-Creator and Developer of Thermal Expansion!,,10163,71,115,Sun Nov 17 21:51:14 +0000 2013,10,FALSE,472,en,Sun Mar 12 14:55:03 +0000 2017,TRUE,FALSE,FALSE,King Lemming,FALSE
1564331941,1564331941,kookyscrit,,"Helping people with kooky spellings, one tweet at a time. You should totally follow me!",,25,2,1,Tue Jul 02 23:04:54 +0000 2013,1,FALSE,2061,en,Wed Jan 29 04:45:31 +0000 2014|428388415303086100|428388415303086080|@Nessssa_xoxoxo I before E except after C: weird|false|||Nessssa_xoxoxo|x_v_xiii |1453059512|1453059512|0|15||Kookyscrit|428388296528367600|428388296528367617|1453059512|1453059512|Nessssa_xoxoxo|null|null|null|null|false|0|0|false|false|en,TRUE,FALSE,FALSE,KookyScrit,TRUE
21952661,21952661,liam_f_walsh,Brooklyn,"I'm a New Yorker cartoonist, writer, and illustrator. http://t.co/rGuqLpn8f6",http://t.co/rGuqLpn8f6,1820,1017,61,Thu Feb 26 01:33:52 +0000 2009,1282,FALSE,2300,en,Thu Mar 02 15:40:17 +0000 2017,FALSE,FALSE,FALSE,Liam Francis Walsh,FALSE
1327359720,1327359720,lisaabramowicz1,New York,"All things fixed income. Opinions mine. @Bfly @BloombergRadio https://t.co/Ie2FmBBMaC
https://t.co/NClhFfTng7",https://t.co/sWb71ALtaq,16471,1087,553,Thu Apr 04 17:03:07 +0000 2013,3869,TRUE,9419,en,Mon Mar 13 19:43:56 +0000 2017,TRUE,FALSE,FALSE,Lisa Abramowicz,FALSE
97371315,97371315,LoganDobson,"Washington, DC","I'm my friends' conservative friend. 

Director of Data & Analytics, @NRSC. Ex- @TargetedVictory, @SenCoryGardner, Tarrance Group. #GWU grad. ldobson@nrsc.org",https://t.co/nl7PiiyWcf,6781,1186,310,Thu Dec 17 05:18:06 +0000 2009,9449,FALSE,11490,en,Mon Mar 13 17:47:26 +0000 2017,FALSE,FALSE,TRUE,Logan Dobson,FALSE
1101341,1101341,LR,"iPhone: 43.920559,12.909098",Associate Professor at the IT University of Copenhagen,http://t.co/eUyVW7sR8y,1697,840,137,Tue Mar 13 17:13:59 +0000 2007,610,FALSE,9253,en,Fri Mar 10 13:57:12 +0000 2017,FALSE,FALSE,FALSE,Luca Rossi,FALSE
358566293,358566293,mkonnikova,"New York, NY",Contributing writer @newyorker. Author of The Confidence Game (Viking 2016; order: https://t.co/rGrIA9U5vQ). Mastermind (Viking 2013). https://t.co/VbvBYZidnl,http://t.co/55JYnTempA,26110,216,1085,Sat Aug 20 03:51:13 +0000 2011,8170,TRUE,15730,en,Sun Mar 12 17:26:50 +0000 2017,TRUE,FALSE,FALSE,Maria Konnikova,FALSE
7998822,7998822,m,"Norheim, Germany","Sorry if I don't reply to @mentions - they are 99.9% incorrect and I've basically stopped checking them. 
PS: Not interested in selling @m or @md - sorry!",https://t.co/1jzEOZkQqc,63821,1856,1005,Mon Aug 06 18:15:01 +0000 2007,6401,FALSE,3709,en,Sun Mar 12 13:00:45 +0000 2017,FALSE,FALSE,TRUE,Mark Douglass,FALSE
453490908,453490908,MaxRivlinNadler,"Queens, NY",Freelance Reporter // Contributor @villagevoice // Co-Founder @FullStopMag / Email me at maxrivlinnadler@gmail.com,,2245,1523,83,Tue Jan 03 00:05:54 +0000 2012,6361,FALSE,5336,en,Mon Mar 13 21:23:16 +0000 2017,TRUE,FALSE,FALSE,Max RN,FALSE
2784743756,2784743756,relations_js,,updates every few hours // made by @katierosepipkin,,99,0,24,Mon Sep 01 21:46:54 +0000 2014,0,FALSE,75,en,Wed Dec 31 05:48:39 +0000 2014|550166625513914400|550166625513914368|me: a mountaintop attainment. you: a neurologic conservator.|false|||||tweetsugh|null|null|null|null|null|null|null|null|null|false|1|2|false|false|en,FALSE,FALSE,FALSE,me + you,TRUE
2428936177,2428936177,MetaphorMagnet,"UCD, Dublin, Ireland","A Metaphor Machine casts a baleful eye on a dull world. Check out my bro-bots for more metaphors: @MetaphorMirror, @BotOnBotAction & @BestOfBotWorlds #botALLY",http://t.co/a6DcJyQpLk,669,7,161,Sat Apr 05 13:42:18 +0000 2014,9396,FALSE,21513,en,"Sun Mar 12 03:19:10 +0000 2017|840764072664715300|840764072664715265|A manservant asks: Last night I dreamt I was a guard, dismissed by the emperor.What could this mean ? #Haughty #Gracious|false|Haughty|104|112|Gracious|113|122||||TheFluxCapacitor|840764067509854200|840764067509854208|2428936177|2428936177|MetaphorMagnet|null|null|null|null|false|0|0|false|false|en",FALSE,FALSE,FALSE,MetaphorIsMyBusiness,TRUE
3130124219,3130124219,MetaphorMirror,"UCD. Dublin, Ireland.",Metaphor is the native tongue of bots that don't have to live in the real world. So I get my figurative sensibility from my bro-bot @MetaphorMagnet,http://t.co/a6DcJyQpLk,208,1,25,Mon Mar 30 23:16:56 +0000 2015,2,FALSE,16232,en,Sun Mar 12 03:53:23 +0000 2017|840772684036341800|840772684036341760|RT @nytimesworld: Meet Diego â€” the GalÃ¡pagos tortoise who's saving his species from ... https://t.co/6LozoGfQST https://t.co/lEVxupwb37|false|||nytimesworld|New York Times World|1877831|1877831|3|16|https://t.co/6LozoGfQST|http://nyti.ms/2myeZUv|nyti.ms/2myeZUv|88|111|840772681737855000|840772681737854976|112|135|http://pbs.twimg.com/media/C6sGTKfWYAArEg2.jpg|https://pbs.twimg.com/media/C6sGTKfWYAArEg2.jpg|https://t.co/lEVxupwb37|pic.twitter.com/lEVxupwb37|https://twitter.com/MetaphorMirror/status/840772684036341760/photo/1|photo|557|309|fit|557|309|fit|150|150|crop|557|309|fit|840772681737855000|840772681737854976|112|135|http://pbs.twimg.com/media/C6sGTKfWYAArEg2.jpg|https://pbs.twimg.com/media/C6sGTKfWYAArEg2.jpg|https://t.co/lEVxupwb37|pic.twitter.com/lEVxupwb37|https://twitter.com/MetaphorMirror/status/840772684036341760/photo/1|photo|557|309|fit|557|309|fit|150|150|crop|557|309|fit|MetaphorMirror|840751962656297000|840751962656296960|1877831|1877831|nytimesworld|null|null|null|null|false|0|1|false|false|false|en,TRUE,FALSE,FALSE,MetaphorMirror,TRUE
19570075,19570075,grynbaum,"New York, NY","I write for The New York Times about media, TV, and politics. I recently acquired a cat.",https://t.co/UKUxUPtRPI,26337,986,828,Tue Jan 27 01:12:05 +0000 2009,10736,TRUE,13414,en,Mon Mar 13 20:28:56 +0000 2017,FALSE,FALSE,FALSE,Michael M. Grynbaum,FALSE
790082490,790082490,Reganonymous,,Blogging markets and dad jokes on @TheTerminal. My people: @business @markets @Bfly @BloombergTV @BloombergRadio @BV @NPR @HereAndNow,,3703,3259,153,Wed Aug 29 20:23:08 +0000 2012,3824,TRUE,5968,en,Mon Mar 13 19:34:13 +0000 2017,TRUE,FALSE,FALSE,Michael P. Regan,FALSE
284835467,284835467,michelemoses10,New York,"@newyorker
i'm in here, are you in there too? michele_moses@newyorker.com",http://t.co/oL1mGNBhoZ,684,770,10,Wed Apr 20 01:56:40 +0000 2011,967,FALSE,953,en,Sun Mar 12 14:54:24 +0000 2017,TRUE,FALSE,FALSE,Michele Moses,FALSE
16281874,16281874,MishaRN,"Napa Valley, California","Prochoice. Intersectional Feminist. L&D RN. Wife. Dog mom. Sweary. Lactavist. Intactavist. Semi-Hermit. Anti-sweating. Trying to do good, be funny, act kindly",https://t.co/p70W4qJzsa,2037,1605,190,Sun Sep 14 10:47:29 +0000 2008,4178,FALSE,104422,en,Mon Mar 13 07:45:04 +0000 2017,FALSE,FALSE,TRUE,Misha,FALSE
2810297102,2810297102,MoMARobot,,I tweet a random object from the collection of the Museum of Modern Art four times a day. Bot by @backspace (not affiliated with @MuseumModernArt),https://t.co/ji7ctu36Zu,2334,1,137,Sun Sep 14 23:35:42 +0000 2014,0,FALSE,3622,en,"Sat Mar 11 23:35:06 +0000 2017|840707684169064400|840707684169064448|Untitled, Unknown photographer, c. 1950 https://t.co/dQ4HiqeWIM https://t.co/yhVUXD0vVR|false||||https://t.co/dQ4HiqeWIM|http://www.moma.org/collection/works/141116|moma.org/collection/worâ€¦|40|63|840707682382303200|840707682382303232|64|87|http://pbs.twimg.com/media/C6rLLtBW0AA6H0y.jpg|https://pbs.twimg.com/media/C6rLLtBW0AA6H0y.jpg|https://t.co/yhVUXD0vVR|pic.twitter.com/yhVUXD0vVR|https://twitter.com/MoMARobot/status/840707684169064448/photo/1|photo|150|150|crop|418|640|fit|418|640|fit|418|640|fit|840707682382303200|840707682382303232|64|87|http://pbs.twimg.com/media/C6rLLtBW0AA6H0y.jpg|https://pbs.twimg.com/media/C6rLLtBW0AA6H0y.jpg|https://t.co/yhVUXD0vVR|pic.twitter.com/yhVUXD0vVR|https://twitter.com/MoMARobot/status/840707684169064448/photo/1|photo|150|150|crop|418|640|fit|418|640|fit|418|640|fit|MoMA Bot|null|null|null|null|null|null|null|null|null|false|0|2|false|false|false|en",FALSE,FALSE,FALSE,MoMA Bot,TRUE
3277928935,3277928935,mothgenerator,night air / tree trunks,lepidoptera automata // (@katierosepipkin / @lorenschmidt),,7653,2,284,Sun Jul 12 23:00:59 +0000 2015,0,FALSE,8703,en,Mon Feb 27 05:34:31 +0000 2017|836087091989790700|836087091989790720|@thejourneyinto the we have bigger skeletons to fry moth https://t.co/pa8MeyPnOH|false|||thejourneyinto|The Journey into Sko|828402082533085200|828402082533085185|0|15||836087089380868100|836087089380868097|57|80|http://pbs.twimg.com/media/C5pgxyvWQAEBLyj.jpg|https://pbs.twimg.com/media/C5pgxyvWQAEBLyj.jpg|https://t.co/pa8MeyPnOH|pic.twitter.com/pa8MeyPnOH|https://twitter.com/mothgenerator/status/836087091989790720/photo/1|photo|1280|720|fit|1200|675|fit|680|383|fit|150|150|crop|836087089380868100|836087089380868097|57|80|http://pbs.twimg.com/media/C5pgxyvWQAEBLyj.jpg|https://pbs.twimg.com/media/C5pgxyvWQAEBLyj.jpg|https://t.co/pa8MeyPnOH|pic.twitter.com/pa8MeyPnOH|https://twitter.com/mothgenerator/status/836087091989790720/photo/1|photo|1280|720|fit|1200|675|fit|680|383|fit|150|150|crop|moth generator|836086025906753500|836086025906753538|828402082533085200|828402082533085185|thejourneyinto|null|null|null|null|false|0|2|false|false|false|en,FALSE,FALSE,FALSE,moth generator,TRUE
2508960524,2508960524,MuseumBot,(not affiliated with the Met),"I am a bot that tweets a random high-res Open Access image from the Metropolitan Museum of Art, four times a day. // by @tinysubversions",http://t.co/qTVWPkaIgo,7200,1,351,Tue May 20 01:32:24 +0000 2014,3,FALSE,3232,en,Sat Mar 11 23:15:04 +0000 2017|840702642082984000|840702642082983936|Hammered Copper Spatula https://t.co/gj8aIjrxwq https://t.co/DqnuqTasc2|false||||https://t.co/gj8aIjrxwq|http://www.metmuseum.org/art/collection/search/309110?sortBy=Relevance&ao=on&ft=*&offset=50443&rpp=20&pos=50457|metmuseum.org/art/collectionâ€¦|24|47|840702640271032300|840702640271032321|48|71|http://pbs.twimg.com/media/C6rGmNsWgAEUntq.jpg|https://pbs.twimg.com/media/C6rGmNsWgAEUntq.jpg|https://t.co/DqnuqTasc2|pic.twitter.com/DqnuqTasc2|https://twitter.com/MuseumBot/status/840702642082983936/photo/1|photo|204|625|fit|204|625|fit|150|150|crop|204|625|fit|840702640271032300|840702640271032321|48|71|http://pbs.twimg.com/media/C6rGmNsWgAEUntq.jpg|https://pbs.twimg.com/media/C6rGmNsWgAEUntq.jpg|https://t.co/DqnuqTasc2|pic.twitter.com/DqnuqTasc2|https://twitter.com/MuseumBot/status/840702642082983936/photo/1|photo|204|625|fit|204|625|fit|150|150|crop|204|625|fit|Museum bot|null|null|null|null|null|null|null|null|null|false|3|3|false|false|false|en,TRUE,FALSE,FALSE,Museum Bot,TRUE
1574184487,1574184487,Fake_Mya,,{S i N g L e ( ; -Stright-} â™¥Costa Sisters @Your_Fake_Bitch â™¥ ~Elmoo heree hurt my sister i will hurt you -Autumn~,,27,52,0,Sun Jul 07 02:59:39 +0000 2013,0,FALSE,0,en,,TRUE,FALSE,FALSE,Mya Costa,TRUE
104360244,104360244,nateschenkkan,,"Turkey, Central Asia, former Soviet Union, Balkans, CEE. Project Director, @FH_NIT of @FreedomHouseDC. Email: schenkkan[at]freedomhouse[dot]org.",http://t.co/FSeCzpNMke,8423,1355,415,Wed Jan 13 03:07:40 +0000 2010,5357,FALSE,36800,en,Mon Mar 13 20:38:06 +0000 2017,TRUE,FALSE,FALSE,Nate Schenkkan,FALSE
1890833028,1890833028,dtufreak,"Copenhagen, Denmark","Real nerd, I enjoy learning and obtaining new information in general for my own sake, often without discrimination to different areas of knowledge.",,77,490,0,Sat Sep 21 17:29:30 +0000 2013,1,FALSE,15,en,Sun Sep 22 14:57:32 +0000 2013|381794399715205100|381794399715205120|RT @justinbieber: Class picture :) http://t.co/lCk3V0aJaE|false|||justinbieber|Justin Bieber|27260086|27260086|3|16||380446441895784450|380446441895784448|35|57|http://pbs.twimg.com/media/BUeeBfFCcAANnB8.jpg|https://pbs.twimg.com/media/BUeeBfFCcAANnB8.jpg|http://t.co/lCk3V0aJaE|pic.twitter.com/lCk3V0aJaE|https://twitter.com/justinbieber/status/380446442029973504/photo/1|photo|500|411|fit|150|150|crop|340|279|fit|500|411|fit|380446442029973500|380446442029973504|27260086|27260086|380446441895784450|380446441895784448|35|57|http://pbs.twimg.com/media/BUeeBfFCcAANnB8.jpg|https://pbs.twimg.com/media/BUeeBfFCcAANnB8.jpg|http://t.co/lCk3V0aJaE|pic.twitter.com/lCk3V0aJaE|https://twitter.com/justinbieber/status/380446442029973504/photo/1|photo|500|411|fit|150|150|crop|340|279|fit|500|411|fit|380446442029973500|380446442029973504|27260086|27260086|Twitter Web Client|null|null|null|null|null|null|null|null|null|Wed Sep 18 21:41:14 +0000 2013|380446442029973500|380446442029973504|Class picture :) http://t.co/lCk3V0aJaE|false|||||380446441895784450|380446441895784448|17|39|http://pbs.twimg.com/media/BUeeBfFCcAANnB8.jpg|https://pbs.twimg.com/media/BUeeBfFCcAANnB8.jpg|http://t.co/lCk3V0aJaE|pic.twitter.com/lCk3V0aJaE|https://twitter.com/justinbieber/status/380446442029973504/photo/1|photo|500|411|fit|150|150|crop|340|279|fit|500|411|fit|380446441895784450|380446441895784448|17|39|http://pbs.twimg.com/media/BUeeBfFCcAANnB8.jpg|https://pbs.twimg.com/media/BUeeBfFCcAANnB8.jpg|http://t.co/lCk3V0aJaE|pic.twitter.com/lCk3V0aJaE|https://twitter.com/justinbieber/status/380446442029973504/photo/1|photo|500|411|fit|150|150|crop|340|279|fit|500|411|fit|Twitter for iPhone|null|null|null|null|null|null|null|null|null|false|253933|228340|false|false|false|en|false|253933|0|false|false|false|en,FALSE,FALSE,FALSE,Nerd@Justin fan,TRUE
18028996,18028996,NikkieTutorials,,"N I K K I E T U T O R I A L S 
â€£ Snapchat âˆ™ NikkieTutorials
â€£ Instagram âˆ™ @nikkietutorials 
SUBSCRIBE TO MY CHANNEL â¤µï¸",https://t.co/DOOyck0NMU,516408,423,853,Wed Dec 10 20:12:33 +0000 2008,483,TRUE,45994,en,Mon Mar 13 21:05:59 +0000 2017,FALSE,FALSE,TRUE,NikkieTutorials,FALSE
3091288043,3091288043,NYPDedits,"1 Police Plaza, New York, NY",Iâ€™m a bot that tweets anonymous Wikipedia edits that are made from IP addresses in the NYPD. Run by @backspace. Code at https://t.co/za1ETfIkLk,http://t.co/CwXAkfY57S,1494,1,43,Fri Mar 13 13:01:23 +0000 2015,0,FALSE,8,en,"Mon Jun 06 14:27:15 +0000 2016|739825986934603800|739825986934603776|[Ed.: Since a few have asked, yes, @NYPDedits is still running. There have been no new anonymous edits to Wikipedia from NYPD IP addresses.]|false|||NYPDedits|NYPD edits|3091288043|3091288043|35|45||Twitter Web Client|null|null|null|null|null|null|null|null|null|false|0|7|false|false|en",TRUE,FALSE,FALSE,NYPD edits,TRUE
2958934841,2958934841,NYTAnon,NYT Article Search API,I am a bot that tweets New York Times articles citing sources on condition of anonymity. Bot by @backspace. (Not affiliated with @NYTimes.),https://t.co/k1wIe5T5sc,2699,1,96,Sat Jan 03 19:10:31 +0000 2015,0,FALSE,4517,en,Sat Mar 11 23:01:52 +0000 2017|840699322756927500|840699322756927488|Preet Bharara Is Fired After Refusing to Step Down as U.S. Attorney https://t.co/OuqaGhBuK5 https://t.co/1cq7QXFZOC|false||||https://t.co/OuqaGhBuK5|https://www.nytimes.com/2017/03/11/us/politics/preet-bharara-us-attorney.html|nytimes.com/2017/03/11/us/â€¦|68|91|840699320684933100|840699320684933121|92|115|http://pbs.twimg.com/media/C6rDk_RWcAETJcL.jpg|https://pbs.twimg.com/media/C6rDk_RWcAETJcL.jpg|https://t.co/1cq7QXFZOC|pic.twitter.com/1cq7QXFZOC|https://twitter.com/NYTAnon/status/840699322756927488/photo/1|photo|594|130|fit|594|130|fit|130|130|crop|594|130|fit|840699320684933100|840699320684933121|92|115|http://pbs.twimg.com/media/C6rDk_RWcAETJcL.jpg|https://pbs.twimg.com/media/C6rDk_RWcAETJcL.jpg|https://t.co/1cq7QXFZOC|pic.twitter.com/1cq7QXFZOC|https://twitter.com/NYTAnon/status/840699322756927488/photo/1|photo|594|130|fit|594|130|fit|130|130|crop|594|130|fit|NYT Anon|null|null|null|null|null|null|null|null|null|false|0|1|false|false|false|en,FALSE,FALSE,FALSE,NYT Anonymous,TRUE
2216299843,2216299843,oliviataters,,ugh dad,,6859,5458,279,Tue Nov 26 19:50:33 +0000 2013,73462,FALSE,46514,en,"Sun Mar 12 02:36:14 +0000 2017|840753269735592000|840753269735591937|@leonardegg rt you're right, internet rando feminist. trans women are so creative and inspiring. i love it|false|||leonardegg|em k.|39806778|39806778|0|11||newolivia|null|null|39806778|39806778|leonardegg|null|null|null|null|false|0|1|false|false|en",TRUE,FALSE,FALSE,olivia taters,TRUE
948891169,948891169,ParisaFH,,often acts up,https://t.co/dJifez5lpu,2513,536,50,Thu Nov 15 02:10:41 +0000 2012,6599,TRUE,2085,en,Mon Mar 13 16:46:40 +0000 2017,FALSE,FALSE,TRUE,Parisa Fitz-Henley,FALSE
2611870982,2611870982,parliamentedits,Westminster,"Tracks Wikipedia edits made from Parliamentary IPs. Idea: @tomscott, code: @edsu, server: @marksteward.

Parliament's IPs via @jonty: https://t.co/APgxYAKZIp",,7071,1,167,Tue Jul 08 15:39:26 +0000 2014,0,FALSE,412,en,Fri Mar 10 17:32:46 +0000 2017|840254114407817200|840254114407817217|Ngozi Onwurah Wikipedia article edited anonymously from Houses of Parliament https://t.co/4NIeogqpPQ|false||||https://t.co/4NIeogqpPQ|https://en.wikipedia.org/w/index.php?diff=769620165&oldid=740117066|en.wikipedia.org/w/index.php?diâ€¦|77|100|Anon feed|null|null|null|null|null|null|null|null|null|false|0|0|false|false|false|en,FALSE,FALSE,FALSE,Parliament WikiEdits,TRUE
24151372,24151372,PSteely,New York City,"Urban Humanist \ Though I do serve Transportation Alternatives, opinions expressed here are mine alone",,4404,2761,170,Fri Mar 13 09:55:54 +0000 2009,5365,FALSE,4241,en,Fri Mar 10 23:42:21 +0000 2017,FALSE,FALSE,FALSE,Paul Steely White,FALSE
516047986,516047986,pentametron,Stratford-upon-Internet,With algorithms subtle and discrete / I seek iambic writings to retweet.,http://t.co/yk15FkTz2X,23468,2,653,Tue Mar 06 01:10:57 +0000 2012,120,FALSE,59331,en,Sat Mar 11 12:59:20 +0000 2017|840547691260080100|840547691260080129|RT @ShoeFanLissa: attending Scottish Motorcycle Show|false|||ShoeFanLissa|Lissa Thompson|568138665|568138665|3|16||Pentametron|null|null|null|null|null|null|null|null|null|Sat Mar 11 12:59:09 +0000 2017|840547644242051100|840547644242051072|attending Scottish Motorcycle Show|false|||||Facebook|null|null|null|null|null|null|null|null|null|false|1|2|false|false|en|false|1|0|false|false|en,TRUE,FALSE,FALSE,Pentametron,TRUE
226222147,226222147,PeteButtigieg,"South Bend, Indiana","Pete Buttigieg (BOOT-edge-edge) is an Afghanistan veteran, runner, musician, businessman, and one of America's youngest mayors.",https://t.co/5fDJtxUnrQ,59336,1680,497,Mon Dec 13 16:49:04 +0000 2010,164,TRUE,4311,en,Mon Mar 13 21:35:46 +0000 2017,TRUE,FALSE,TRUE,Pete Buttigieg,FALSE
218810394,218810394,P_Wicks01,Essex,The best form of defence is offence! âœŒï¸ Instagram: P_Wicks01 - Management: @gemmawheatley / gemma@mokkingbird.com - All PA enquiries: info@allstarpa.co.uk,,354368,2169,134,Tue Nov 23 10:15:14 +0000 2010,36919,TRUE,11313,en,Mon Mar 13 21:10:24 +0000 2017,FALSE,FALSE,FALSE,Pete The Pirate,FALSE
2452239750,2452239750,phasechase,,,,219,0,50,Sat Apr 19 02:24:47 +0000 2014,6,FALSE,7710,en,"Sun Mar 12 03:16:33 +0000 2017|840763416444821500|840763416444821506|stylises
stylised
styliser|false|||||phasechase|null|null|null|null|null|null|null|null|null|false|0|0|false|false|en",TRUE,FALSE,FALSE,phaseâ†chase,TRUE
2579497028,2579497028,poem_exe,,micropoetry // a bot by @inky,https://t.co/PdagJGqVMR,10010,27,0,Sat Jun 21 00:14:06 +0000 2014,0,FALSE,14452,en-gb,"Sun Mar 12 03:42:31 +0000 2017|840769951745114100|840769951745114112|young sparrows
silent
scarecrow|false|||||poem.exe|null|null|null|null|null|null|null|null|null|false|1|7|false|false|en",FALSE,FALSE,TRUE,poem.exe,TRUE
202759893,202759893,RebeccaKKatz,"Brooklyn, NY",Promoter of progressive candidates & causes. My views are my views. Tweets may have typos. Sorry.,https://t.co/o7ZHrSi759,4908,1968,143,Thu Oct 14 19:24:37 +0000 2010,3292,FALSE,12908,en,Mon Mar 13 21:17:14 +0000 2017,TRUE,FALSE,FALSE,Rebecca Katz,FALSE
3347203689,3347203689,RestroomGender,"Bathrooms, Everywhere",random restroom gender sign generator. extant (and not so extant) genders with random symbols. bot by @lichlike / @tylercallich,,3571,6,137,Sat Jun 27 04:47:30 +0000 2015,133,FALSE,2459,en,Sat Jan 28 23:33:07 +0000 2017|825486897275400200|825486897275400194|RT @radiatoryang: you can donate to CAIR here: https://t.co/G1xn0C1Fqg https://t.co/dMjOkPMsKv|false|||radiatoryang|Robert Yang|165537786|165537786|3|16|https://t.co/G1xn0C1Fqg|https://www.cair.com/donations/general-donation/campaign/#/donation|cair.com/donations/geneâ€¦|47|70|https://t.co/dMjOkPMsKv|https://twitter.com/lhfang/status/825394671601987584|twitter.com/lhfang/status/â€¦|71|94|Twitter for iPhone|null|null|null|null|null|null|null|null|null|Sat Jan 28 17:42:18 +0000 2017|825398610519007200|825398610519007232|you can donate to CAIR here: https://t.co/G1xn0C1Fqg https://t.co/dMjOkPMsKv|false||||https://t.co/G1xn0C1Fqg|https://www.cair.com/donations/general-donation/campaign/#/donation|cair.com/donations/geneâ€¦|29|52|https://t.co/dMjOkPMsKv|https://twitter.com/lhfang/status/825394671601987584|twitter.com/lhfang/status/â€¦|53|76|Twitter Web Client|null|null|null|null|null|null|null|null|null|true|825394671601987600|825394671601987584|435|288|false|false|false|en|true|825394671601987600|825394671601987584|435|0|false|false|false|en,FALSE,FALSE,TRUE,Restroom Genderator,TRUE
514952645,514952645,DopeEthiopian,L A ,"Follow your dreams but, follow my twitter first. | 20 |rekik_neway@yahoo.com | IG: the_dopest_ethiopian |",https://t.co/HbKpjmywn4,54350,330,184,Mon Mar 05 01:09:15 +0000 2012,4750,FALSE,54445,en,Mon Mar 13 21:33:35 +0000 2017,FALSE,FALSE,FALSE,RN,FALSE
68956490,68956490,RedScareBot,Wisconsin,Joseph McCarthy claimed there were large numbers of Communists and Soviet spies and sympathizers inside the United States federal government and elsewhere.,http://t.co/PiQZ8cvNsS,14498,134,1229,Wed Aug 26 11:37:30 +0000 2009,2924,FALSE,2497530,en,Mon Mar 06 13:42:18 +0000 2017|838746563899969500|838746563899969537|is very tempted to dive back into the frayâ€¦|false|||||Twitter Web Client|null|null|null|null|null|null|null|null|null|false|5|17|false|false|en,FALSE,FALSE,FALSE,Robot J. McCarthy,TRUE
2671843464,2671843464,100yearsrising,,"sea rise predictions / at-risk cities from the international panel on climate change. (more information, ipcc.ch. inquires, @katierosepipkin)",,146,0,30,Wed Jul 23 04:48:36 +0000 2014,0,FALSE,96,en,"Fri Jan 13 01:04:27 +0000 2017|819711675695853600|819711675695853569|ã¸ã¸2109ã¸ã¸ã¸ã¸ã¸ã¸ã¸ã¸ã¸ã¸
â–’â–’â–’â–’â–’â–’â–’â–’â–’â–’â–’â–’â–’â–’â–’â–’â–’â–’â–’â–’â–’â–’
â–’â–’â–’â–’â–’â–’â–’â–’â–’â–’â–’â–’â–’â–’â–’â–’â–’â–’â–’â–’â–’â–’
â–’â–’â–’â–’â–’â–’â–’â–’â–’â–’â–’â–’â–’â–’â–’â–’â–’â–’â–’â–’â–’â–’
â–’â–’â–’â–’â–’â–’â–’â–’â–’â–’â–’â–’â–’â–’â–’â–’â–’â–’â–’â–’â–’â–’|false|||||Twitter Web Client|null|null|null|null|null|null|null|null|null|false|0|2|false|false|ja",FALSE,FALSE,FALSE,sea change,TRUE
37861434,37861434,earthquakesSF,"San Francisco, CA",I am a robot that live-tweets earthquakes in the San Francisco Bay area. Built by @billsnitzer. Data is from the USGS. Get prepared: http://t.co/VtCEbuw6KH,http://t.co/EznRBcY7a7,133697,6,1579,Tue May 05 04:53:31 +0000 2009,0,FALSE,8460,en,"Sat Mar 11 18:35:49 +0000 2017|840632369543491600|840632369543491584|A 1.7 magnitude earthquake occurred 4.97mi SW of Brentwood, California. Details: https://t.co/y5CvRXpiEn Map: https://t.co/WID7a16l4M|false||||https://t.co/y5CvRXpiEn|http://eqbot.com/Csq|eqbot.com/Csq|81|104|https://t.co/WID7a16l4M|http://eqbot.com/Cs6|eqbot.com/Cs6|110|133|EQBot|null|null|null|null|null|Point|37.8648338|-121.7845001|Point|-121.7845001|37.8648338|fbd6d2f5a4e4a15e|https://api.twitter.com/1.1/geo/id/fbd6d2f5a4e4a15e.json|admin|California|California, USA|US|United States||Polygon|-124.482003|32.528832|-114.131212|32.528832|-114.131212|42.009519|-124.482003|42.009519||null|false|2|0|false|false|false|en",TRUE,FALSE,FALSE,SF QuakeBot,TRUE
412043841,412043841,Steph_Klem,"Long Beach, NY","Work on Broadway, live on the beach. Associate Choreographer & Original Cast Member of Hamilton, An American Musical & In the Heights & If/Then...& Bring It On",,6582,333,88,Mon Nov 14 06:05:04 +0000 2011,8024,TRUE,3269,en,Sun Mar 12 17:20:00 +0000 2017,TRUE,FALSE,TRUE,Stephanie Klemons,FALSE
7.59E+17,7.59E+17,Swetaprasad19,India,"Crazyyyy die-hard fan of @srbachchan
On twitter only 4r himðŸ™followed ByðŸ†Ž28thJuly
LoveUâ™¥sir frm D bottom of Myâ™¥heart
Ur my ideal,inspiration Proud2be ur EFðŸ™ðŸ˜",,3304,116,19,Thu Jul 28 08:21:32 +0000 2016,21470,FALSE,23176,en,Mon Mar 13 16:58:58 +0000 2017,TRUE,FALSE,TRUE,SwetaPrasadðŸ†ŽEFâ™¥,FALSE
20182317,20182317,theboombox,New York,Hip-Hop and R&B on Blast,https://t.co/mtAnHGbrbi,35947,39466,399,Thu Feb 05 20:14:13 +0000 2009,496,FALSE,55061,en,Mon Mar 13 21:30:22 +0000 2017,FALSE,FALSE,FALSE,The Boombox,FALSE
3401604683,3401604683,the_ephemerides,The Outer Planets,"Random raw images from outer planet probes, accompanied by computer-generated text. Images from NASA's OPUS database. Bot by @aparrish.",http://t.co/G7bPUDUxd4,3751,0,171,Mon Aug 03 18:18:05 +0000 2015,0,FALSE,3059,en,"Sun Mar 12 01:18:25 +0000 2017|840733685431320600|840733685431320576|Their heliocentric
orbits
cause such
assaults
of ice.
A belt
had it
been a
thunder-cloud. https://t.co/KBBXW5v09U|false|||||840733682507894800|840733682507894785|90|113|http://pbs.twimg.com/media/C6ri1HCW0AEGmA_.jpg|https://pbs.twimg.com/media/C6ri1HCW0AEGmA_.jpg|https://t.co/KBBXW5v09U|pic.twitter.com/KBBXW5v09U|https://twitter.com/the_ephemerides/status/840733685431320576/photo/1|photo|256|256|fit|256|256|fit|150|150|crop|256|256|fit|840733682507894800|840733682507894785|90|113|http://pbs.twimg.com/media/C6ri1HCW0AEGmA_.jpg|https://pbs.twimg.com/media/C6ri1HCW0AEGmA_.jpg|https://t.co/KBBXW5v09U|pic.twitter.com/KBBXW5v09U|https://twitter.com/the_ephemerides/status/840733685431320576/photo/1|photo|256|256|fit|256|256|fit|150|150|crop|256|256|fit|The Ephemerides|null|null|null|null|null|null|null|null|null|false|1|6|false|false|false|en",TRUE,FALSE,FALSE,The Ephemerides,TRUE
3131670665,3131670665,SortingBot,Hogwarts,"I'm the Sorting Hat and I'm here to say / I love sorting students in a major way // a bot by @tinysubversions, follow to get sorted!",http://t.co/s6OmUwb6Bn,43562,1,131,Fri Apr 03 19:27:31 +0000 2015,1,FALSE,104396,en,"Sun Mar 12 03:00:21 +0000 2017|840759338042064900|840759338042064896|@peachxsf Your calf is bleak, your ear routine, yet you are not forlorn
From this conformist recipe, a Gryffindor is born!|false|||peachxsf|Ã¡ngel|2936095492|2936095492|0|9||The Sorting Hat Bot|null|null|2936095492|2936095492|peachxsf|null|null|null|null|false|0|0|false|false|en",FALSE,FALSE,FALSE,The Sorting Hat Bot,TRUE
3325527710,3325527710,thinkpiecebot,,A bot by @NoraReed Patreon: https://t.co/f7OKH9MO9D Tip Jar: https://t.co/KOMoL6IrsMâ€¦ FAQ: https://t.co/Z49vqlFP4x,https://t.co/Z49vqlFP4x,27729,65,588,Sun Aug 23 03:09:38 +0000 2015,452,FALSE,16197,en,"Sun Mar 12 04:12:52 +0000 2017|840777586535989200|840777586535989249|Social Security Can't Stop Brands Making Bigoted Jokes On Twitter|false|||||Cheap Bots, Done Quick!|null|null|null|null|null|null|null|null|null|false|1|4|false|false|en",FALSE,FALSE,FALSE,Thinkpiece Bot ðŸŒ¹,TRUE
1705052335,1705052335,TwoHeadlines,The Bugle Planet,Comedy is when you take two headlines about different things and then confuse them. Updates hourly. // By @tinysubversions,,7845,1,400,Tue Aug 27 16:00:04 +0000 2013,8,FALSE,27599,en,Sun Mar 12 04:08:05 +0000 2017|840776385283133400|840776385283133441|Damascus applies subtle pressure to conservatives considering bucking Trump on health care|false|||||Two Headlines|null|null|null|null|null|null|null|null|null|false|1|0|false|false|en,TRUE,FALSE,FALSE,Two Headlines,TRUE
211751068,211751068,mslisaraw,Miami â€¢ Toronto,"Toronto native living in Miami, FL | Events x Media",https://t.co/J5wy7uJx27,2852,215,27,Thu Nov 04 04:01:01 +0000 2010,6220,FALSE,8244,en,Sat Mar 11 21:40:58 +0000 2017,FALSE,FALSE,TRUE,ÙÙŽØ§Ø·ÙÙ…ÙŽØ© LR,FALSE
3044443379,3044443379,desires_exe,,bot by @ckolderup â€¢ #botALLY,,175,1,48,Wed Feb 18 05:04:50 +0000 2015,1,FALSE,13136,en,Sun Mar 12 01:50:05 +0000 2017|840741653551841300|840741653551841281|So show me https://t.co/Srs5CPXuC9|false|||||840741650355781600|840741650355781632|11|34|http://pbs.twimg.com/media/C6rqE5lVAAAFigX.jpg|https://pbs.twimg.com/media/C6rqE5lVAAAFigX.jpg|https://t.co/Srs5CPXuC9|pic.twitter.com/Srs5CPXuC9|https://twitter.com/desires_exe/status/840741653551841281/photo/1|photo|228|680|fit|150|150|crop|500|1494|fit|402|1200|fit|840741650355781600|840741650355781632|11|34|http://pbs.twimg.com/media/C6rqE5lVAAAFigX.jpg|https://pbs.twimg.com/media/C6rqE5lVAAAFigX.jpg|https://t.co/Srs5CPXuC9|pic.twitter.com/Srs5CPXuC9|https://twitter.com/desires_exe/status/840741653551841281/photo/1|photo|228|680|fit|150|150|crop|500|1494|fit|402|1200|fit|desires_exe|null|null|null|null|null|null|null|null|null|false|0|0|false|false|false|en,FALSE,FALSE,FALSE,UnconventionalDesire,TRUE
4446937452,4446937452,wikipediafinds,"Tokyo, Japan",Wikipedia fan bot / / used to be @wikifinds,,979,1,13,Thu Dec 03 23:50:59 +0000 2015,0,FALSE,1851,en,Tue Feb 14 01:19:36 +0000 2017|831311897886543900|831311897886543872|no credible evidence that the hole exists|false|||||Twitter for iPhone|null|null|null|null|null|null|null|null|null|false|4|8|false|false|en,FALSE,FALSE,FALSE,WikipediaFinds,TRUE
2861842401,2861842401,worstvsworst,,"Comparing things people on Twitter think are the worst. RT to vote former, fav to vote latter. Bot by @robdubbin and @biocuriosity",,280,0,28,Wed Nov 05 03:48:56 +0000 2014,0,FALSE,6409,en,Sun Mar 12 04:04:03 +0000 2017|840775368671920100|840775368671920128|someone saying 'alright son' to you especially when there 3 year younger than ya vs a dook fan|false|||||the freaking worst|null|null|null|null|null|null|null|null|null|false|0|0|false|false|en,TRUE,FALSE,FALSE,worst vs worst,TRUE
3829470974,3829470974,wowsoportland,"Portland, OR","Portland is such a weird place! We show real pics of places in Portland! ONLY IN PORTLAND as they say! // a bot by @tinysubversions, 4x daily",,698,1,42,Thu Oct 08 21:38:27 +0000 2015,0,FALSE,1939,en,Sat Mar 11 21:32:03 +0000 2017|840676719552036900|840676719552036864|hashtag Portland https://t.co/mQ1mCFxv2F|false|||||840676717224157200|840676717224157184|17|40|http://pbs.twimg.com/media/C6qvBS0WYAAWIBZ.jpg|https://pbs.twimg.com/media/C6qvBS0WYAAWIBZ.jpg|https://t.co/mQ1mCFxv2F|pic.twitter.com/mQ1mCFxv2F|https://twitter.com/wowsoportland/status/840676719552036864/photo/1|photo|600|300|fit|150|150|crop|600|300|fit|600|300|fit|840676717224157200|840676717224157184|17|40|http://pbs.twimg.com/media/C6qvBS0WYAAWIBZ.jpg|https://pbs.twimg.com/media/C6qvBS0WYAAWIBZ.jpg|https://t.co/mQ1mCFxv2F|pic.twitter.com/mQ1mCFxv2F|https://twitter.com/wowsoportland/status/840676719552036864/photo/1|photo|600|300|fit|150|150|crop|600|300|fit|600|300|fit|Wow so portland|null|null|null|null|null|null|null|null|null|false|0|1|false|false|false|sv,FALSE,FALSE,FALSE,Wow So Portland!,TRUE
369897318,369897318,zacharybooth,NYC,I'm an actor.,,1934,648,27,Thu Sep 08 03:50:03 +0000 2011,1800,FALSE,2289,en,Mon Mar 13 18:22:47 +0000 2017,TRUE,FALSE,TRUE,Zachary Booth,FALSE
